"","feature","appearances","targets_covered","coverage_rate","mean_rank","median_rank","mean_theil_u","mean_mi","mean_cramer_v","mean_score","strength_score"
"1","N_REGION_ISO",33,33,1,1.33333333333333,1,0.261136774306897,0.296383646540669,0.436664920019794,0.289263650548319,649
"2","Q223",33,33,1,3.18181818181818,2,0.178760786757752,0.203180528496965,0.363215481992398,0.20453217880298,588
"3","Q290",33,33,1,4.45454545454545,4,0.14731127947225,0.158743329978731,0.329081618381463,0.168917928515116,546
"4","Q267",33,33,1,6.03030303030303,6,0.132496095021675,0.138358016464531,0.312132948515598,0.152218356803924,494
"5","Q268",33,33,1,6.51515151515152,5,0.126625575636745,0.135581991099838,0.306838834343797,0.147333826146378,478
"6","Q266",33,33,1,7.84848484848485,7,0.119453585365846,0.1295739433241,0.298368675143894,0.140381201731127,434
"7","Q272",33,33,1,9.27272727272727,9,0.108708307661254,0.119619565739292,0.281840493213253,0.129294903639865,387
"8","B_COUNTRY",33,33,1,9.93939393939394,9,0.107138403123789,0.116069727844163,0.277198582512714,0.126823818478794,365
"9","Q262",16,16,0.484848484848485,14.5625,15,0.0321426360767228,0.0365012555410337,0.145406689752484,0.0447766272835922,103
"10","Q169",11,11,0.333333333333333,13.7272727272727,14,0.0588721233314725,0.0634380088501311,0.213720954023951,0.0923824184065447,80
"11","Q6",9,9,0.272727272727273,13.5555555555556,15,0.0677418474242257,0.0718504128713294,0.217027733189848,0.0972000704113186,67
"12","Q33",9,9,0.272727272727273,15.1111111111111,16,0.0495282007495455,0.0546004427563803,0.187488716056126,0.0859097282785259,53
"13","Q186",8,8,0.242424242424242,13.125,14.5,0.0704019996955967,0.087604203622228,0.210933388412257,0.0896157997452521,63
"14","Q164",7,7,0.212121212121212,15.5714285714286,17,0.0776962893652889,0.0895711921152312,0.223030672247961,0.0957921984785388,38
"15","Q182",6,6,0.181818181818182,12.5,14.5,0.0797298087247837,0.102006966288956,0.212454479281321,0.0996854230496891,51
"16","Q41",6,6,0.181818181818182,13.1666666666667,15,0.062718526758362,0.0752832538026416,0.209306057428198,0.10881020827906,47
"17","Q37",6,6,0.181818181818182,13.6666666666667,14,0.0690025038478935,0.0887519890009161,0.220925934017903,0.114777838402051,44
"18","Q34",6,6,0.181818181818182,15.5,15,0.0429662844340412,0.0480982690013588,0.184052173514577,0.0760384579136681,33
"19","Q38",5,5,0.151515151515152,12.8,14,0.0736184956443039,0.0909108792052987,0.225610214781793,0.121964458987188,41
"20","Q30",5,5,0.151515151515152,13.8,16,0.0586244814876,0.0624523550038132,0.192385849864499,0.104407372031342,36
"21","Q167",5,5,0.151515151515152,16.2,16,0.054408689294968,0.0541892428278905,0.304398753072025,0.0935972646540384,24
"22","Q176",5,5,0.151515151515152,16.2,15,0.0286998753660575,0.0464393223863471,0.155594634238204,0.046711185359359,24
"23","Q22",5,5,0.151515151515152,17.8,19,0.0378856929248035,0.0362817784831718,0.258090140356813,0.0738233835935118,16
"24","Q110",4,4,0.121212121212121,10.5,9.5,0.0595412165146018,0.0958745273836064,0.214605991736587,0.0859476872975017,42
"25","Q184",4,4,0.121212121212121,10.5,9.5,0.122210560988478,0.158749104663412,0.291264907667076,0.150077558758818,42
"26","Q159",4,4,0.121212121212121,12.25,13,0.0535539085163385,0.0788508373368648,0.196479412421836,0.0754355375530462,35
"27","Q31",4,4,0.121212121212121,13.5,17.5,0.0934382976644927,0.112702058886901,0.27321629961039,0.149284221188693,30
"28","Q134",4,4,0.121212121212121,14,13.5,0.0605939417076013,0.0547764092421961,0.209046953506479,0.0736939831478675,28
"29","Q240",4,4,0.121212121212121,14,13,0.0245011029138019,0.0396919316654354,0.147058215794115,0.0413140628273232,28
"30","Q247",4,4,0.121212121212121,14,14,0.0302604061762007,0.0512088973577758,0.147280826839961,0.0482469955970492,28
"31","Q86",4,4,0.121212121212121,14.75,17,0.0885083708745563,0.111625228940559,0.256114399939923,0.112204031200894,25
"32","Q73",4,4,0.121212121212121,15.75,17,0.062333940741775,0.0762165469770877,0.228127788024121,0.0830781073406034,21
"33","Q120",4,4,0.121212121212121,16,16,0.0284476273272261,0.0468126874420807,0.154006278048777,0.0465130104338376,20
"34","Q241",4,4,0.121212121212121,16.5,17,0.0293875797802186,0.0442225376313057,0.149820789869352,0.0458813881444581,18
"35","Q35",4,4,0.121212121212121,16.75,16.5,0.0447991371980129,0.0486588819667775,0.185024802060144,0.0883311061214657,17
"36","Q74",4,4,0.121212121212121,17.25,18,0.0586234368513536,0.07159356969731,0.224753873182092,0.0791275203382143,15
"37","Q49",4,4,0.121212121212121,18.25,18.5,0.0281840507090834,0.0464925957822173,0.147354639669519,0.0455936731270672,11
"38","Q53",3,3,0.0909090909090909,4.66666666666667,2,0.134618470197916,0.0976645724024685,0.270032966512924,0.1904445379932,49
"39","Q113",3,3,0.0909090909090909,5,2,0.181565390304736,0.20854653918726,0.408003146692426,0.212303510608262,48
"40","Q206",3,3,0.0909090909090909,7.33333333333333,7,0.0910942006485772,0.120974230784987,0.247780537496378,0.11572684337428,41
"41","Q107",3,3,0.0909090909090909,8,8,0.0636233247993684,0.104972776872522,0.230872827344378,0.0927531106758155,39
"42","Q205",3,3,0.0909090909090909,8.33333333333333,10,0.079371343370583,0.107655741913159,0.22973585255522,0.10289311385182,38
"43","Q165",3,3,0.0909090909090909,8.66666666666667,11,0.111571392048027,0.105391037152221,0.407126803032036,0.168351905693083,37
"44","Q185",3,3,0.0909090909090909,9.66666666666667,9,0.125018953647749,0.16865947578977,0.292212920247024,0.154830506950283,34
"45","Q187",3,3,0.0909090909090909,9.66666666666667,9,0.119008413795686,0.160040622888074,0.292719480000887,0.148689183143923,34
"46","Q161",3,3,0.0909090909090909,10,11,0.0521030911193801,0.077941100002987,0.200112291376235,0.0746554138101476,33
"47","Q172",3,3,0.0909090909090909,10.3333333333333,11,0.125563779135949,0.122343284088759,0.310941224241212,0.143135375132318,32
"48","Q144",3,3,0.0909090909090909,10.6666666666667,10,0.0293735934541476,0.0153523874517466,0.195336984726546,0.0661133610666317,31
"49","Q138",3,3,0.0909090909090909,11.3333333333333,9,0.0686411559136672,0.0612156207380495,0.222709663972499,0.0818203461668651,29
"50","Q203",3,3,0.0909090909090909,12.3333333333333,14,0.0423412747213452,0.0599187989620352,0.177138770077191,0.0610942815291368,26
"51","Q168",3,3,0.0909090909090909,14,14,0.0834434161565574,0.0800607870020877,0.363929356192878,0.136529442927582,21
"52","Q254",3,3,0.0909090909090909,14,12,0.0518544705428449,0.0512521574470079,0.202272115464934,0.0667155411063027,21
"53","Q85",3,3,0.0909090909090909,14,20,0.11758159704349,0.151011449500109,0.293877133968178,0.145240106472945,21
"54","Q231",3,3,0.0909090909090909,14.3333333333333,12,0.0277862408822051,0.0186018398532388,0.119963439477048,0.0589455814067393,20
"55","Q217",3,3,0.0909090909090909,15,13,0.0272554628281142,0.037602809751099,0.191353158452433,0.0467694364674415,18
"56","Q282",3,3,0.0909090909090909,15,14,0.0372537531628678,0.0243923847963806,0.173711619543357,0.0470411292909705,18
"57","Q65",3,3,0.0909090909090909,15.3333333333333,14,0.0251345949417571,0.0295861081441586,0.139702322482142,0.037926821656516,17
"58","Q245",3,3,0.0909090909090909,16,16,0.0290637381156651,0.0503282942196567,0.142766323517555,0.0468133634870515,15
"59","Q69",3,3,0.0909090909090909,16,17,0.0377936774404285,0.0461128708707218,0.180132779829782,0.0545233457084519,15
"60","Q76",3,3,0.0909090909090909,16,16,0.0459624737242434,0.0540290195695882,0.194205718721581,0.0632067619775806,15
"61","Q145",3,3,0.0909090909090909,16.3333333333333,16,0.0219771886970077,0.0114077023998131,0.163094185689437,0.0529182165386239,14
"62","Q209",3,3,0.0909090909090909,16.3333333333333,16,0.0349906166047583,0.0503426240102896,0.216885415787433,0.0577856987446852,14
"63","Q276",3,3,0.0909090909090909,16.3333333333333,16,0.0193685049610589,0.0237386183026299,0.116031567866134,0.0303458452540378,14
"64","Q179",3,3,0.0909090909090909,17.6666666666667,19,0.039136333226139,0.0428224972589485,0.17001083902912,0.05332963301628,10
"65","Q148",3,3,0.0909090909090909,18.6666666666667,20,0.0484919658991069,0.0438993688979998,0.175888677323058,0.0598538579411699,7
"66","Q277",3,3,0.0909090909090909,19,19,0.0202095501081494,0.0249384203345736,0.120982318531806,0.0317054880184424,6
"67","Q116",2,2,0.0606060606060606,3,3,0.188381115815793,0.215133851856073,0.438223042522275,0.221391129298525,36
"68","Q259",2,2,0.0606060606060606,4.5,4.5,0.220622230531072,0.275723592175602,0.437928265274701,0.258883242498794,33
"69","Q117",2,2,0.0606060606060606,5,5,0.13237038660165,0.15014752036222,0.36447319729289,0.160913807798945,32
"70","Q207",2,2,0.0606060606060606,5.5,5.5,0.111529405908867,0.146634314188182,0.282949536107307,0.139202891412505,31
"71","Q256",2,2,0.0606060606060606,6,6,0.160759793557158,0.183292967793064,0.359485686165643,0.187392335088778,30
"72","Q158",2,2,0.0606060606060606,7,7,0.0812317785511464,0.117848749962686,0.250421166017304,0.109135808721224,28
"73","Q255",2,2,0.0606060606060606,7,7,0.112324117114129,0.127226331008445,0.29995828052262,0.135558197623273,28
"74","Q87",2,2,0.0606060606060606,7,7,0.190650419883836,0.240638722664234,0.390203195113686,0.22560218824094,28
"75","Q89",2,2,0.0606060606060606,8.5,8.5,0.164110466625463,0.206567026126534,0.367092269267694,0.197145614740007,25
"76","Q124",2,2,0.0606060606060606,9,9,0.0390996236337725,0.0535564090604912,0.322131822920924,0.0717398791905033,24
"77","Q136",2,2,0.0606060606060606,9.5,9.5,0.090724628693738,0.100911489641426,0.272214333877059,0.111929657496377,23
"78","Q137",2,2,0.0606060606060606,10,10,0.0943752235883379,0.106063442132061,0.272822799247203,0.115726446717341,22
"79","Q126",2,2,0.0606060606060606,10.5,10.5,0.0336162870066197,0.0458902296398676,0.298139786071133,0.0637508197030455,21
"80","Q128",2,2,0.0606060606060606,10.5,10.5,0.0341336352603434,0.046789610239188,0.300104067666001,0.0645274709945625,21
"81","Q252",2,2,0.0606060606060606,10.5,10.5,0.0680449279245769,0.0867668552583765,0.22880319825425,0.089737333157684,21
"82","Q132",2,2,0.0606060606060606,11,11,0.0821818196091068,0.0899224157899945,0.256889469095572,0.10197476341202,20
"83","Q154",2,2,0.0606060606060606,11,11,0.0189691522665958,0.0235017900371939,0.126267772648278,0.0310588056359435,20
"84","Q39",2,2,0.0606060606060606,11,11,0.0985543930962676,0.122765546360299,0.268617443481207,0.167642476664771,20
"85","Q248",2,2,0.0606060606060606,12,12,0.0327850302797999,0.0597874126236899,0.146979080290493,0.0523051499840362,18
"86","Q129",2,2,0.0606060606060606,12.5,12.5,0.0259675027668874,0.0354383706129511,0.263192310357233,0.052531243879741,17
"87","Q135",2,2,0.0606060606060606,12.5,12.5,0.0640895057725472,0.0612759349371301,0.236248021279221,0.0804612860725895,17
"88","Q246",2,2,0.0606060606060606,12.5,12.5,0.0344744935595675,0.0510266466055449,0.160993192364078,0.0520920093538117,17
"89","Q251",2,2,0.0606060606060606,12.5,12.5,0.063723411921051,0.0813827426675249,0.225152740227462,0.0851641439756343,17
"90","Q194",2,2,0.0606060606060606,13,13,0.0541763222296362,0.0727148039350509,0.209611984579369,0.0752814329762339,16
"91","Q200",2,2,0.0606060606060606,13,13,0.0338192202517508,0.0497029964260229,0.223966566131281,0.0575990876919854,16
"92","Q202",2,2,0.0606060606060606,13.5,13.5,0.0354633218723525,0.049450953705148,0.161920009025632,0.0523052801375191,15
"93","Q77",2,2,0.0606060606060606,14,14,0.0753602618554359,0.0927660209047865,0.256906724197951,0.0987366358044926,14
"94","Q191",2,2,0.0606060606060606,14.5,14.5,0.0495530912121635,0.0662568731623607,0.194850706807929,0.0690939873567992,13
"95","Q123",2,2,0.0606060606060606,15,15,0.0187225917090349,0.0252667587978266,0.224971969819465,0.0413107796467154,12
"96","Q224",2,2,0.0606060606060606,15,15,0.0473016932241854,0.057097016211245,0.200434101577096,0.0655535309555944,12
"97","Q227",2,2,0.0606060606060606,15,15,0.0358742404666177,0.0440732465734812,0.172378878321423,0.0519844060841573,12
"98","Q78",2,2,0.0606060606060606,15,15,0.0804348011958088,0.0998311854497222,0.257876339310543,0.103997870283456,12
"99","Q20",2,2,0.0606060606060606,15.5,15.5,0.0559930437252683,0.0290266929155574,0.225632166370677,0.0648670507468958,11
"100","Q244",2,2,0.0606060606060606,15.5,15.5,0.0317001453133305,0.0588744394419862,0.147061631716358,0.0513885821922299,11
"101","Q218",2,2,0.0606060606060606,16,16,0.0154706249911332,0.0213689993463069,0.138082819601786,0.0295013567587506,10
"102","Q36",2,2,0.0606060606060606,16,16,0.0345376255376708,0.0447548924286258,0.168185283199226,0.0668609764755152,10
"103","Q72",2,2,0.0606060606060606,16,16,0.0430070843469296,0.0505474320977739,0.18686635517135,0.059655115754625,10
"104","Q225",2,2,0.0606060606060606,16.5,16.5,0.0208729256248989,0.00964719349239385,0.106938066810673,0.0474555496824911,9
"105","Q242",2,2,0.0606060606060606,16.5,16.5,0.0283990048461493,0.032181750969241,0.169523357578287,0.0436462639562906,9
"106","Q28",2,2,0.0606060606060606,16.5,16.5,0.0567239765629841,0.0758315273667054,0.234228503008538,0.113757706612673,9
"107","Q70",2,2,0.0606060606060606,16.5,16.5,0.0440363430696673,0.0528495540532461,0.196656718248657,0.06194234388264,9
"108","Q181",2,2,0.0606060606060606,17.5,17.5,0.0423439558001398,0.0558134270722301,0.182511547645964,0.0604015563663493,7
"109","Q192",2,2,0.0606060606060606,17.5,17.5,0.0312745685405191,0.0304400733589398,0.150505296094755,0.0429472927414689,7
"110","Q216",2,2,0.0606060606060606,18,18,0.0217741670655801,0.032017046577594,0.177487639025987,0.0404183781152249,6
"111","Q48",2,2,0.0606060606060606,18,18,0.0280302941970537,0.0420193690100357,0.148762753214615,0.0443002625427045,6
"112","Q215",2,2,0.0606060606060606,18.5,18.5,0.0203701926382568,0.0300017559344035,0.168135052964999,0.038036147659775,5
"113","Q281",2,2,0.0606060606060606,18.5,18.5,0.0159846363999238,0.0226082913559078,0.105705283263582,0.0269437975730848,5
"114","Q143",2,2,0.0606060606060606,19,19,0.0240022590359561,0.0190150317020983,0.134385642514601,0.0335444291836633,4
"115","Q180",2,2,0.0606060606060606,19.5,19.5,0.0420196148239039,0.0554775967378522,0.176074504872003,0.0594624984028983,3
"116","Q157",1,1,0.0303030303030303,1,1,0.252708012885291,0.305241271844284,0.393928833344391,0.282590072618899,20
"117","Q265",1,1,0.0303030303030303,1,1,0.608935487278918,0.19643508546841,0.813675525710714,0.505659370578945,20
"118","Q103",1,1,0.0303030303030303,2,2,0.209764205019165,0.0952532102917285,0.388041877713834,0.193238673870401,19
"119","Q21",1,1,0.0303030303030303,2,2,0.24532384043332,0.11264431053972,0.512524261769431,0.232240023598851,19
"120","Q23",1,1,0.0303030303030303,3,3,0.233614338524295,0.10726770805797,0.509625583598909,0.223311473891859,18
"121","Q101",1,1,0.0303030303030303,4,4,0.181396100044814,0.0819604633131537,0.353281261031625,0.168753925123997,17
"122","Q26",1,1,0.0303030303030303,5,5,0.215533265722752,0.0991240366088393,0.497263390471285,0.208783509463432,16
"123","Q99",1,1,0.0303030303030303,5,5,0.176865407434311,0.0800412612284935,0.357360707524427,0.165867693581578,16
"124","Q83",1,1,0.0303030303030303,6,6,0.224223048367553,0.286897762234312,0.484089015087676,0.269012059199593,15
"125","Q105",1,1,0.0303030303030303,7,7,0.141930637854625,0.064605015132118,0.316301241687726,0.136170011421183,14
"126","Q88",1,1,0.0303030303030303,7,7,0.185480572290153,0.237089766005074,0.43744320482485,0.226159593658099,14
"127","Q100",1,1,0.0303030303030303,8,8,0.137516446469016,0.0622273691986743,0.299697198893478,0.13114779853036,13
"128","Q263",1,1,0.0303030303030303,8,8,0.292300017300048,0.0952307881721888,0.596136584256201,0.263562905257305,13
"129","Q98",1,1,0.0303030303030303,9,9,0.129462637682455,0.0583303031498827,0.288930302473219,0.12406970380176,12
"130","Q174",1,1,0.0303030303030303,10,10,0.0600077211519061,0.0372489056649767,0.277351186866295,0.0749144230772662,11
"131","Q96",1,1,0.0303030303030303,10,10,0.130116310557256,0.0587648074465612,0.28331406515966,0.124030635084288,11
"132","Q97",1,1,0.0303030303030303,11,11,0.122290905539959,0.0552230634805255,0.2829553582398,0.118236998192113,10
"133","Q25",1,1,0.0303030303030303,12,12,0.117134904040533,0.0539141412262767,0.350519686696061,0.121507153461809,9
"134","Q250",1,1,0.0303030303030303,12,12,0.0390377834149308,0.055035745198567,0.175211312415425,0.0574545248500711,9
"135","Q269",1,1,0.0303030303030303,12,12,0.0474627041766263,0.015472337469058,0.242055543761475,0.0573248781228407,9
"136","Q283",1,1,0.0303030303030303,13,13,0.0488761220625214,0.0154660058158971,0.202974558983515,0.0542629308806334,8
"137","Q71",1,1,0.0303030303030303,13,13,0.0594158718627206,0.0733282547948937,0.225408414275549,0.0801888409836554,8
"138","Q190",1,1,0.0303030303030303,14,14,0.0363058158193879,0.0526613619684655,0.172017359455065,0.0547836340276789,7
"139","Q280",1,1,0.0303030303030303,14,14,0.0412947249108261,0.0128890154005923,0.151305308678234,0.0437740704344968,7
"140","Q199",1,1,0.0303030303030303,15,15,0.0247169260635541,0.0366952104334866,0.157693923814197,0.0416081111495981,6
"141","Q219",1,1,0.0303030303030303,15,15,0.00867445034963968,0.0104724803218588,0.102188730877382,0.0185652873940796,6
"142","Q239",1,1,0.0303030303030303,15,15,0.0312753529512043,0.0194212555069981,0.20077006690517,0.044668595113339,6
"143","Q275",1,1,0.0303030303030303,15,15,0.0313575634461877,0.0392139965704841,0.14283902366921,0.0448626394057789,6
"144","Q81",1,1,0.0303030303030303,15,15,0.109051071743842,0.139466744010561,0.332676630754197,0.140538329324893,6
"145","Q189",1,1,0.0303030303030303,16,16,0.0309811035670206,0.0449424201116022,0.164427445912903,0.0485141327649833,5
"146","Q64",1,1,0.0303030303030303,16,16,0.129767004014074,0.119619720922887,0.335583110300297,0.14730442971534,5
"147","Q147",1,1,0.0303030303030303,17,17,0.034949231808057,0.0113731502753804,0.153388786708593,0.0397203628383076,4
"148","Q166",1,1,0.0303030303030303,17,17,0.105305777765676,0.0977878873156044,0.439186436714305,0.136438476525517,4
"149","Q95",1,1,0.0303030303030303,17,17,0.085842215188739,0.0387354729812976,0.217625656695835,0.0848885366772162,4
"150","Q15",1,1,0.0303030303030303,18,18,0.0835009177018621,0.0771329060483943,0.368337549416819,0.110074177377317,3
"151","Q279",1,1,0.0303030303030303,18,18,0.0279378924683282,0.0349990962031193,0.133622270564884,0.0406246913984211,3
"152","Q43",1,1,0.0303030303030303,18,18,0.00718047757787952,0.00867202378662846,0.0930125089341387,0.0162111445761301,3
"153","Q111",1,1,0.0303030303030303,19,19,0.00509490595039134,0.00615400139043576,0.11057840878657,0.0159609848660225,2
"154","Q118",1,1,0.0303030303030303,19,19,0.0413085782550186,0.0480473771667826,0.18365093604617,0.057564453707663,2
"155","Q243",1,1,0.0303030303030303,19,19,0.0245537280225443,0.0380906560455916,0.139054670067979,0.040064900634002,2
"156","Q57",1,1,0.0303030303030303,19,19,0.0143015655743502,0.0210679868950567,0.197856554674007,0.0346869908805279,2
"157","Q59",1,1,0.0303030303030303,19,19,0.0199743481158402,0.0263619972992135,0.140315674138682,0.0339247754731363,2
"158","Q213",1,1,0.0303030303030303,20,20,0.0226496879535103,0.0283162604721801,0.169498862832938,0.039034577197054,1
"159","Q214",1,1,0.0303030303030303,20,20,0.0203874204791448,0.029775197831321,0.170373133980343,0.0382023250349174,1
"160","Q50",1,1,0.0303030303030303,20,20,0.0397821405457171,0.0359019937331784,0.164771639597024,0.0511170464070862,1
"161","Q80",1,1,0.0303030303030303,20,20,0.106265935113006,0.135751697113921,0.330303129769766,0.137515383178956,1
